X.0,X.3,X.4,X.5,X.6,X.7,X.8,X.9,X.10,X.11,X.12,X.13,X.14,X.15,X.16,X.17,X.1,X.2
@TMCPoldaMetro,in,Location,3.0,0.0,@dixhuithzeroun @hogetaro_desu @BuyingVenomX @SnekyBear @rossa728 @c9rbon @Lxmuune @Misakuwu_ @doremypuyotet @erisetyawan36 @umaruta4 @Itzlamp_ @VRChat @byzocker @Kroytz @abc_itz @Leika_hh @rylanristia_ @Amixi11,TMC Polda Metro Jaya,Traffic Management Center Jakarta Metropolitan Police Telp: 021-52960770,587239.0,121.0,0.0,8076461.0,9342.0,True,Longitude,Latitude,Bagi Pesepeda diimbau agar menggunakan lampu tambahan di malam hari utk mencegah kecelakaan lalu lintas. https://t.co/Hq0gNG0Z,2022-05-31 12:28:07
@TMCPoldaMetro,in,Location,4.0,0.0,@dixhuithzeroun @hogetaro_desu @BuyingVenomX @SnekyBear @rossa728 @c9rbon @Lxmuune @Misakuwu_ @doremypuyotet @erisetyawan36 @umaruta4 @Itzlamp_ @VRChat @byzocker @Kroytz @abc_itz @Leika_hh @rylanristia_ @Amixi11,TMC Polda Metro Jaya,Traffic Management Center Jakarta Metropolitan Police Telp: 021-52960770,587239.0,121.0,0.0,8076461.0,9342.0,True,Longitude,Latitude,"Apabila mengantuk beristirahatlah segera, jangan paksakan berkendara. Keselamatan ANDA adalah yang UTAMA 
https://t.co/hkOanI7VlQ",2022-05-31 11:55:22
@TMCPoldaMetro,in,Location,9.0,0.0,@dixhuithzeroun @hogetaro_desu @BuyingVenomX @SnekyBear @rossa728 @c9rbon @Lxmuune @Misakuwu_ @doremypuyotet @erisetyawan36 @umaruta4 @Itzlamp_ @VRChat @byzocker @Kroytz @abc_itz @Leika_hh @rylanristia_ @Amixi11,TMC Polda Metro Jaya,Traffic Management Center Jakarta Metropolitan Police Telp: 021-52960770,587239.0,121.0,0.0,8076461.0,9342.0,True,Longitude,Latitude,17.59 Situasi arus lalu lintas Traffic Light Pancoran Jakarta Selatan terpantau Padat https://t.co/2Af0dGo6Go,2022-05-31 10:58:14
@TMCPoldaMetro,in,Location,3.0,0.0,@dixhuithzeroun @hogetaro_desu @BuyingVenomX @SnekyBear @rossa728 @c9rbon @Lxmuune @Misakuwu_ @doremypuyotet @erisetyawan36 @umaruta4 @Itzlamp_ @VRChat @byzocker @Kroytz @abc_itz @Leika_hh @rylanristia_ @Amixi11,TMC Polda Metro Jaya,Traffic Management Center Jakarta Metropolitan Police Telp: 021-52960770,587239.0,121.0,0.0,8076461.0,9342.0,True,Longitude,Latitude,17.34 Situasi arus lalu lintas Traffic Light Cengkareng Jakarta Barat terpantau ramai cenderung padat https://t.co/eZmawTlKtc,2022-05-31 10:33:27
@TMCPoldaMetro,in,Location,6.0,1.0,@dixhuithzeroun @hogetaro_desu @BuyingVenomX @SnekyBear @rossa728 @c9rbon @Lxmuune @Misakuwu_ @doremypuyotet @erisetyawan36 @umaruta4 @Itzlamp_ @VRChat @byzocker @Kroytz @abc_itz @Leika_hh @rylanristia_ @Amixi11,TMC Polda Metro Jaya,Traffic Management Center Jakarta Metropolitan Police Telp: 021-52960770,587239.0,121.0,0.0,8076461.0,9342.0,True,Longitude,Latitude,16.20 Situasi arus lalu lintas Traffic Light Pintu Besi Jakarta Pusat terpantau ramai lancar https://t.co/G5Tazh7cwr,2022-05-31 09:19:04
@TMCPoldaMetro,und,Location,5.0,3.0,@dixhuithzeroun @hogetaro_desu @BuyingVenomX @SnekyBear @rossa728 @c9rbon @Lxmuune @Misakuwu_ @doremypuyotet @erisetyawan36 @umaruta4 @Itzlamp_ @VRChat @byzocker @Kroytz @abc_itz @Leika_hh @rylanristia_ @Amixi11,TMC Polda Metro Jaya,Traffic Management Center Jakarta Metropolitan Police Telp: 021-52960770,587239.0,121.0,0.0,8076461.0,9342.0,True,Longitude,Latitude,https://t.co/BA8fXrdnd3,2022-05-31 08:29:55
@TMCPoldaMetro,in,Location,11.0,1.0,@dixhuithzeroun @hogetaro_desu @BuyingVenomX @SnekyBear @rossa728 @c9rbon @Lxmuune @Misakuwu_ @doremypuyotet @erisetyawan36 @umaruta4 @Itzlamp_ @VRChat @byzocker @Kroytz @abc_itz @Leika_hh @rylanristia_ @Amixi11,TMC Polda Metro Jaya,Traffic Management Center Jakarta Metropolitan Police Telp: 021-52960770,587239.0,121.0,0.0,8076461.0,9342.0,True,Longitude,Latitude,14.44 Situasi arus lalu lintas Traffic Light Bundaran HI Jakarta Pusat terpantau ramai lancar https://t.co/xO4KwCPUMr,2022-05-31 07:43:34
@TMCPoldaMetro,in,Location,5.0,1.0,@dixhuithzeroun @hogetaro_desu @BuyingVenomX @SnekyBear @rossa728 @c9rbon @Lxmuune @Misakuwu_ @doremypuyotet @erisetyawan36 @umaruta4 @Itzlamp_ @VRChat @byzocker @Kroytz @abc_itz @Leika_hh @rylanristia_ @Amixi11,TMC Polda Metro Jaya,Traffic Management Center Jakarta Metropolitan Police Telp: 021-52960770,587239.0,121.0,0.0,8076461.0,9342.0,True,Longitude,Latitude,14.43 Situasi arus lalu lintas Traffic Light Kalibata Jakrta Selatan terpantau ramai lancar https://t.co/Bp1r5It17s,2022-05-31 07:42:34
@TMCPoldaMetro,in,Location,14.0,3.0,@dixhuithzeroun @hogetaro_desu @BuyingVenomX @SnekyBear @rossa728 @c9rbon @Lxmuune @Misakuwu_ @doremypuyotet @erisetyawan36 @umaruta4 @Itzlamp_ @VRChat @byzocker @Kroytz @abc_itz @Leika_hh @rylanristia_ @Amixi11,TMC Polda Metro Jaya,Traffic Management Center Jakarta Metropolitan Police Telp: 021-52960770,587239.0,121.0,0.0,8076461.0,9342.0,True,Longitude,Latitude,13.15 Polri Sat Lantas Jakpus kegiatan pengamanan &amp; pengaturan kegiatan penyampaian pendapat didpn DPR/MPR Jakpus. Situasi lalu lintas didpn DPR/MPR arah Slipi terpantau lancar https://t.co/vG3vRXjwih,2022-05-31 06:16:33
@TMCPoldaMetro,in,Location,5.0,3.0,@dixhuithzeroun @hogetaro_desu @BuyingVenomX @SnekyBear @rossa728 @c9rbon @Lxmuune @Misakuwu_ @doremypuyotet @erisetyawan36 @umaruta4 @Itzlamp_ @VRChat @byzocker @Kroytz @abc_itz @Leika_hh @rylanristia_ @Amixi11,TMC Polda Metro Jaya,Traffic Management Center Jakarta Metropolitan Police Telp: 021-52960770,587239.0,121.0,0.0,8076461.0,9342.0,True,Longitude,Latitude,"13.05 Polri Dikyasa Sat Lantas Jakpus Himbauan kpd petugas Bina Marga yg melakukan peremejaan Trotoar agar memperhatikan keselamatan diri &amp; pengguna jalan lainnya dg selalu memasang rambu petunjuk pekerjaan, pembatas antara area pekerjaan dg jalan di Jl. Cideng raya Gambir Jakpus https://t.co/XrjUWVDdRb",2022-05-31 06:07:17
@TMCPoldaMetro,in,Location,5.0,0.0,@dixhuithzeroun @hogetaro_desu @BuyingVenomX @SnekyBear @rossa728 @c9rbon @Lxmuune @Misakuwu_ @doremypuyotet @erisetyawan36 @umaruta4 @Itzlamp_ @VRChat @byzocker @Kroytz @abc_itz @Leika_hh @rylanristia_ @Amixi11,TMC Polda Metro Jaya,Traffic Management Center Jakarta Metropolitan Police Telp: 021-52960770,587239.0,121.0,0.0,8076461.0,9342.0,True,Longitude,Latitude,12.11 Polri Sat Lantas Jaktim kegiatan Pembentukan Pocil ( Polisi Cilik ) di SD Islam Pulo Gadung Jaktim. https://t.co/pUvl54jjQA,2022-05-31 05:12:08
@TMCPoldaMetro,in,Location,6.0,0.0,@dixhuithzeroun @hogetaro_desu @BuyingVenomX @SnekyBear @rossa728 @c9rbon @Lxmuune @Misakuwu_ @doremypuyotet @erisetyawan36 @umaruta4 @Itzlamp_ @VRChat @byzocker @Kroytz @abc_itz @Leika_hh @rylanristia_ @Amixi11,TMC Polda Metro Jaya,Traffic Management Center Jakarta Metropolitan Police Telp: 021-52960770,587239.0,121.0,0.0,8076461.0,9342.0,True,Longitude,Latitude,Jadilah pelopor keselamatan berlalu lintas &amp; budayakan keselamatan sebagai kebutuhan. https://t.co/9yBMU9fE,2022-05-31 04:06:41
@TMCPoldaMetro,in,Location,5.0,0.0,@dixhuithzeroun @hogetaro_desu @BuyingVenomX @SnekyBear @rossa728 @c9rbon @Lxmuune @Misakuwu_ @doremypuyotet @erisetyawan36 @umaruta4 @Itzlamp_ @VRChat @byzocker @Kroytz @abc_itz @Leika_hh @rylanristia_ @Amixi11,TMC Polda Metro Jaya,Traffic Management Center Jakarta Metropolitan Police Telp: 021-52960770,587239.0,121.0,0.0,8076461.0,9342.0,True,Longitude,Latitude,"10.28 #Polri Sat Lantas Polres Metro Bekasi kegiatan Police Go to School yg dihadiri oleh Bapak Kapolres Metro Bekasi di SMK Citra Mutiara Jl. Langkap Lancar, Ds. Sukaragam, Kec. Serang Baru, Kab. Bekasi. https://t.co/Xjp0kcAy9B",2022-05-31 03:28:11
@TMCPoldaMetro,in,Location,7.0,3.0,@dixhuithzeroun @hogetaro_desu @BuyingVenomX @SnekyBear @rossa728 @c9rbon @Lxmuune @Misakuwu_ @doremypuyotet @erisetyawan36 @umaruta4 @Itzlamp_ @VRChat @byzocker @Kroytz @abc_itz @Leika_hh @rylanristia_ @Amixi11,TMC Polda Metro Jaya,Traffic Management Center Jakarta Metropolitan Police Telp: 021-52960770,587239.0,121.0,0.0,8076461.0,9342.0,True,Longitude,Latitude,09.16 Polri Sat Lantas Jakbar Himbauan Tertib berlalu lintas dan Sosialisasi Perluasan Ganjil Genap serta membagikan Masker kepada pengendara &amp; Masyarakat di Asemka Jakbar https://t.co/TMuGMzIaX1,2022-05-31 02:17:43
@TMCPoldaMetro,in,Location,6.0,2.0,@dixhuithzeroun @hogetaro_desu @BuyingVenomX @SnekyBear @rossa728 @c9rbon @Lxmuune @Misakuwu_ @doremypuyotet @erisetyawan36 @umaruta4 @Itzlamp_ @VRChat @byzocker @Kroytz @abc_itz @Leika_hh @rylanristia_ @Amixi11,TMC Polda Metro Jaya,Traffic Management Center Jakarta Metropolitan Police Telp: 021-52960770,587239.0,121.0,0.0,8076461.0,9342.0,True,Longitude,Latitude,08.00 #Polri Satlantas Bandara Soetta melaksanakan Live Report Situasi arus lalu lintas di Areal Dropzone Terminal 2 Keberangkatan Bandara Internasional Soekarno Hatta terpantau ramai lancar. https://t.co/AFSDo3WaAZ,2022-05-31 01:03:59
@TMCPoldaMetro,in,Location,8.0,1.0,@dixhuithzeroun @hogetaro_desu @BuyingVenomX @SnekyBear @rossa728 @c9rbon @Lxmuune @Misakuwu_ @doremypuyotet @erisetyawan36 @umaruta4 @Itzlamp_ @VRChat @byzocker @Kroytz @abc_itz @Leika_hh @rylanristia_ @Amixi11,TMC Polda Metro Jaya,Traffic Management Center Jakarta Metropolitan Police Telp: 021-52960770,587239.0,121.0,0.0,8076461.0,9342.0,True,Longitude,Latitude,07.49 Situasi arus lalu lintas di Traffic Light Sarinah Jakpus menuju arah Tanah Abang maupun arah Jl. Jendral Sudirman terpantau ramai lancar. https://t.co/KxFAEkxgjT,2022-05-31 00:49:00
@TMCPoldaMetro,in,Location,6.0,0.0,@dixhuithzeroun @hogetaro_desu @BuyingVenomX @SnekyBear @rossa728 @c9rbon @Lxmuune @Misakuwu_ @doremypuyotet @erisetyawan36 @umaruta4 @Itzlamp_ @VRChat @byzocker @Kroytz @abc_itz @Leika_hh @rylanristia_ @Amixi11,TMC Polda Metro Jaya,Traffic Management Center Jakarta Metropolitan Police Telp: 021-52960770,587239.0,121.0,0.0,8076461.0,9342.0,True,Longitude,Latitude,07.38 Situasi arus lalu lintas di Traffic Light Halim Baru Jaktim menuju arah Pancoran terpantau padat. https://t.co/59315vxc9f,2022-05-31 00:38:28
@TMCPoldaMetro,in,Location,4.0,0.0,@dixhuithzeroun @hogetaro_desu @BuyingVenomX @SnekyBear @rossa728 @c9rbon @Lxmuune @Misakuwu_ @doremypuyotet @erisetyawan36 @umaruta4 @Itzlamp_ @VRChat @byzocker @Kroytz @abc_itz @Leika_hh @rylanristia_ @Amixi11,TMC Polda Metro Jaya,Traffic Management Center Jakarta Metropolitan Police Telp: 021-52960770,587239.0,121.0,0.0,8076461.0,9342.0,True,Longitude,Latitude,07.24 Situasi arus lalu lintas di Traffic Light Pancoran Jaksel menuju arah Kalibata maupun arah Cawang terpantau ramai lancar. https://t.co/OV0k7S9OCt,2022-05-31 00:24:00
@TMCPoldaMetro,in,Location,6.0,0.0,@dixhuithzeroun @hogetaro_desu @BuyingVenomX @SnekyBear @rossa728 @c9rbon @Lxmuune @Misakuwu_ @doremypuyotet @erisetyawan36 @umaruta4 @Itzlamp_ @VRChat @byzocker @Kroytz @abc_itz @Leika_hh @rylanristia_ @Amixi11,TMC Polda Metro Jaya,Traffic Management Center Jakarta Metropolitan Police Telp: 021-52960770,587239.0,121.0,0.0,8076461.0,9342.0,True,Longitude,Latitude,07.12 Situasi arus lalu lintas di Ruas Tol Dalam Kota KM 07+400 (Semanggi) maupun Jalur Contraflow terpantau ramai lancar. https://t.co/5KOMcHLdBO,2022-05-31 00:12:52
@TMCPoldaMetro,in,Location,5.0,0.0,@dixhuithzeroun @hogetaro_desu @BuyingVenomX @SnekyBear @rossa728 @c9rbon @Lxmuune @Misakuwu_ @doremypuyotet @erisetyawan36 @umaruta4 @Itzlamp_ @VRChat @byzocker @Kroytz @abc_itz @Leika_hh @rylanristia_ @Amixi11,TMC Polda Metro Jaya,Traffic Management Center Jakarta Metropolitan Police Telp: 021-52960770,587239.0,121.0,0.0,8076461.0,9342.0,True,Longitude,Latitude,07.02 Situasi arus lalu lintas di Traffic Light Fatmawati Jaksel menuju arah Panglima Polim terpantau ramai lancar. https://t.co/LMrdeLODfL,2022-05-31 00:02:00
@TMCPoldaMetro,in,Location,13.0,0.0,@dixhuithzeroun @hogetaro_desu @BuyingVenomX @SnekyBear @rossa728 @c9rbon @Lxmuune @Misakuwu_ @doremypuyotet @erisetyawan36 @umaruta4 @Itzlamp_ @VRChat @byzocker @Kroytz @abc_itz @Leika_hh @rylanristia_ @Amixi11,TMC Polda Metro Jaya,Traffic Management Center Jakarta Metropolitan Police Telp: 021-52960770,587239.0,121.0,0.0,8076461.0,9342.0,True,Longitude,Latitude,06.54 Situasi arus lalu lintas di Traffic Light Matraman Jaktim menuju arah Jatinegara terpantau ramai lancar. https://t.co/XEEyQ3f463,2022-05-30 23:54:00
@TMCPoldaMetro,in,Location,4.0,0.0,@dixhuithzeroun @hogetaro_desu @BuyingVenomX @SnekyBear @rossa728 @c9rbon @Lxmuune @Misakuwu_ @doremypuyotet @erisetyawan36 @umaruta4 @Itzlamp_ @VRChat @byzocker @Kroytz @abc_itz @Leika_hh @rylanristia_ @Amixi11,TMC Polda Metro Jaya,Traffic Management Center Jakarta Metropolitan Police Telp: 021-52960770,587239.0,121.0,0.0,8076461.0,9342.0,True,Longitude,Latitude,06.42 Situasi arus lalu lintas di Traffic Light Tugu Tani Jakpus menuju arah Jl. Medan Merdeka Selatan maupun arah Kwitang terpantau ramai lancar. https://t.co/D6kncIt7u4,2022-05-30 23:43:45
@TMCPoldaMetro,in,Location,6.0,6.0,@dixhuithzeroun @hogetaro_desu @BuyingVenomX @SnekyBear @rossa728 @c9rbon @Lxmuune @Misakuwu_ @doremypuyotet @erisetyawan36 @umaruta4 @Itzlamp_ @VRChat @byzocker @Kroytz @abc_itz @Leika_hh @rylanristia_ @Amixi11,TMC Polda Metro Jaya,Traffic Management Center Jakarta Metropolitan Police Telp: 021-52960770,587239.0,121.0,0.0,8076461.0,9342.0,True,Longitude,Latitude,"Lokasi Pelayanan Samsat Keliling JADETABEK Selasa, 31 Mei 2022. https://t.co/qpNVbQ9CkM",2022-05-30 23:28:46
@TMCPoldaMetro,in,Location,5.0,0.0,@dixhuithzeroun @hogetaro_desu @BuyingVenomX @SnekyBear @rossa728 @c9rbon @Lxmuune @Misakuwu_ @doremypuyotet @erisetyawan36 @umaruta4 @Itzlamp_ @VRChat @byzocker @Kroytz @abc_itz @Leika_hh @rylanristia_ @Amixi11,TMC Polda Metro Jaya,Traffic Management Center Jakarta Metropolitan Police Telp: 021-52960770,587239.0,121.0,0.0,8076461.0,9342.0,True,Longitude,Latitude,06.21 Situasi arus lalu lintas di Traffic Light Rindam Jl. TB Simatupang Jaktim menuju arah Pasar Rebo terpantau ramai lancar. https://t.co/zKngQf2YlN,2022-05-30 23:21:14
@TMCPoldaMetro,in,Location,8.0,1.0,@dixhuithzeroun @hogetaro_desu @BuyingVenomX @SnekyBear @rossa728 @c9rbon @Lxmuune @Misakuwu_ @doremypuyotet @erisetyawan36 @umaruta4 @Itzlamp_ @VRChat @byzocker @Kroytz @abc_itz @Leika_hh @rylanristia_ @Amixi11,TMC Polda Metro Jaya,Traffic Management Center Jakarta Metropolitan Police Telp: 021-52960770,587239.0,121.0,0.0,8076461.0,9342.0,True,Longitude,Latitude,"06.13 Sebuah Kendaraan Truk Box mengalami Gangguan di Jl. MT Haryono Cawang Jaktim (Depan RS Otak) menuju arah Pancoran, saat ini sedang dalam penanganan, Situasi arus lalu lintas mengalami tersendat. https://t.co/uBjP7Toa66",2022-05-30 23:13:27
@TMCPoldaMetro,in,Location,12.0,6.0,@dixhuithzeroun @hogetaro_desu @BuyingVenomX @SnekyBear @rossa728 @c9rbon @Lxmuune @Misakuwu_ @doremypuyotet @erisetyawan36 @umaruta4 @Itzlamp_ @VRChat @byzocker @Kroytz @abc_itz @Leika_hh @rylanristia_ @Amixi11,TMC Polda Metro Jaya,Traffic Management Center Jakarta Metropolitan Police Telp: 021-52960770,587239.0,121.0,0.0,8076461.0,9342.0,True,Longitude,Latitude,"LOKASI PELAYANAN #SIMKELILING Selasa, 31 Mei 2022 Pukul 08.00 s/d 14.00 Wib :
Jaktim : Mall Grand Cakung. 
Jaksel  : Kampus Trilogi Kalibata.
Jakbar : LTC Glodok &amp; Mall Citraland.
Jakpus : Kantor Pos Lapangan Banteng. https://t.co/kJYzIj5yrk",2022-05-30 23:00:02
@TMCPoldaMetro,in,Location,7.0,0.0,@dixhuithzeroun @hogetaro_desu @BuyingVenomX @SnekyBear @rossa728 @c9rbon @Lxmuune @Misakuwu_ @doremypuyotet @erisetyawan36 @umaruta4 @Itzlamp_ @VRChat @byzocker @Kroytz @abc_itz @Leika_hh @rylanristia_ @Amixi11,TMC Polda Metro Jaya,Traffic Management Center Jakarta Metropolitan Police Telp: 021-52960770,587239.0,121.0,0.0,8076461.0,9342.0,True,Longitude,Latitude,05.22 Situasi arus lalu lintas di Traffic Light Slipi Jakbar menuju arah Tomang terpantau lancar. https://t.co/gGCCC79bqW,2022-05-30 22:22:50
@TMCPoldaMetro,in,Location,5.0,0.0,@dixhuithzeroun @hogetaro_desu @BuyingVenomX @SnekyBear @rossa728 @c9rbon @Lxmuune @Misakuwu_ @doremypuyotet @erisetyawan36 @umaruta4 @Itzlamp_ @VRChat @byzocker @Kroytz @abc_itz @Leika_hh @rylanristia_ @Amixi11,TMC Polda Metro Jaya,Traffic Management Center Jakarta Metropolitan Police Telp: 021-52960770,587239.0,121.0,0.0,8076461.0,9342.0,True,Longitude,Latitude,"05.08 Situasi arus lalu lintas dari Jatiasih menuju arah Cikampek, Jalur utama maupun Elevated terpantau lancar. Demikian juga menuju arah Tanjung Priok maupun Jatiasih terpantau lancar. https://t.co/EXKbHh1XET",2022-05-30 22:08:30
@TMCPoldaMetro,in,Location,5.0,0.0,@dixhuithzeroun @hogetaro_desu @BuyingVenomX @SnekyBear @rossa728 @c9rbon @Lxmuune @Misakuwu_ @doremypuyotet @erisetyawan36 @umaruta4 @Itzlamp_ @VRChat @byzocker @Kroytz @abc_itz @Leika_hh @rylanristia_ @Amixi11,TMC Polda Metro Jaya,Traffic Management Center Jakarta Metropolitan Police Telp: 021-52960770,587239.0,121.0,0.0,8076461.0,9342.0,True,Longitude,Latitude,04.52 Situasi arus lalu lintas di Ruas Tol Dalam Kota (Interchange Cawang) menuju arah Ruas Tol Ja-Pek maupun Jagorawi terpantau lancar. https://t.co/hlKqbvAwsH,2022-05-30 21:52:08
@TMCPoldaMetro,in,Location,3.0,0.0,@dixhuithzeroun @hogetaro_desu @BuyingVenomX @SnekyBear @rossa728 @c9rbon @Lxmuune @Misakuwu_ @doremypuyotet @erisetyawan36 @umaruta4 @Itzlamp_ @VRChat @byzocker @Kroytz @abc_itz @Leika_hh @rylanristia_ @Amixi11,TMC Polda Metro Jaya,Traffic Management Center Jakarta Metropolitan Police Telp: 021-52960770,587239.0,121.0,0.0,8076461.0,9342.0,True,Longitude,Latitude,23.29 Kegiatan Apel Gabungan Cipta Kondusif ( CIPKON ) di Mapolda Metro Jaya dilanjutkan patroli kewilayahan guna antisipasi gangguan Kamtibmas di wilayah hukum DKI Jakarta. https://t.co/d1rwihCwNp,2022-05-30 16:29:00
@TMCPoldaMetro,in,Location,7.0,0.0,@dixhuithzeroun @hogetaro_desu @BuyingVenomX @SnekyBear @rossa728 @c9rbon @Lxmuune @Misakuwu_ @doremypuyotet @erisetyawan36 @umaruta4 @Itzlamp_ @VRChat @byzocker @Kroytz @abc_itz @Leika_hh @rylanristia_ @Amixi11,TMC Polda Metro Jaya,Traffic Management Center Jakarta Metropolitan Police Telp: 021-52960770,587239.0,121.0,0.0,8076461.0,9342.0,True,Longitude,Latitude,"23.12 Apel Operasi Kepolisian Cipta Kondusif Polres Metro Jakbar, dilanjutkan Patroli kewilayahan guna antisipasi gangguan Kamtibmas di wilayah Jakarta Barat. https://t.co/ovsDe80NFr",2022-05-30 16:12:22
@TMCPoldaMetro,in,Location,6.0,1.0,@dixhuithzeroun @hogetaro_desu @BuyingVenomX @SnekyBear @rossa728 @c9rbon @Lxmuune @Misakuwu_ @doremypuyotet @erisetyawan36 @umaruta4 @Itzlamp_ @VRChat @byzocker @Kroytz @abc_itz @Leika_hh @rylanristia_ @Amixi11,TMC Polda Metro Jaya,Traffic Management Center Jakarta Metropolitan Police Telp: 021-52960770,587239.0,121.0,0.0,8076461.0,9342.0,True,Longitude,Latitude,22.35 Situasi arus lalu lintas di Traffic light Mabes Polri Jaksel terpantau lancar. https://t.co/bL0E6BpCMP,2022-05-30 15:35:00
@TMCPoldaMetro,in,Location,8.0,1.0,@dixhuithzeroun @hogetaro_desu @BuyingVenomX @SnekyBear @rossa728 @c9rbon @Lxmuune @Misakuwu_ @doremypuyotet @erisetyawan36 @umaruta4 @Itzlamp_ @VRChat @byzocker @Kroytz @abc_itz @Leika_hh @rylanristia_ @Amixi11,TMC Polda Metro Jaya,Traffic Management Center Jakarta Metropolitan Police Telp: 021-52960770,587239.0,121.0,0.0,8076461.0,9342.0,True,Longitude,Latitude,22.21 Situasi arus lalu lintas di Traffic light Kalibata menuju arah Pasar Minggu terpantau ramai lancar. https://t.co/rcbhym2lPz,2022-05-30 15:21:00
@TMCPoldaMetro,in,Location,3.0,0.0,@dixhuithzeroun @hogetaro_desu @BuyingVenomX @SnekyBear @rossa728 @c9rbon @Lxmuune @Misakuwu_ @doremypuyotet @erisetyawan36 @umaruta4 @Itzlamp_ @VRChat @byzocker @Kroytz @abc_itz @Leika_hh @rylanristia_ @Amixi11,TMC Polda Metro Jaya,Traffic Management Center Jakarta Metropolitan Police Telp: 021-52960770,587239.0,121.0,0.0,8076461.0,9342.0,True,Longitude,Latitude,22.08 Situasi arus lalu lintas di Traffic light Tugu Tani Jakpus terpantau ramai lancar. https://t.co/jfaEPuiQ7J,2022-05-30 15:08:31
@TMCPoldaMetro,in,Location,7.0,0.0,@dixhuithzeroun @hogetaro_desu @BuyingVenomX @SnekyBear @rossa728 @c9rbon @Lxmuune @Misakuwu_ @doremypuyotet @erisetyawan36 @umaruta4 @Itzlamp_ @VRChat @byzocker @Kroytz @abc_itz @Leika_hh @rylanristia_ @Amixi11,TMC Polda Metro Jaya,Traffic Management Center Jakarta Metropolitan Police Telp: 021-52960770,587239.0,121.0,0.0,8076461.0,9342.0,True,Longitude,Latitude,21.38 Situasi arus lalu lintas di ruas Tol Jakarta-Tangerang KM 03+500 terpantau ramai lancar. https://t.co/N2fN27n4Jq,2022-05-30 14:38:16
@TMCPoldaMetro,und,Location,14.0,3.0,@dixhuithzeroun @hogetaro_desu @BuyingVenomX @SnekyBear @rossa728 @c9rbon @Lxmuune @Misakuwu_ @doremypuyotet @erisetyawan36 @umaruta4 @Itzlamp_ @VRChat @byzocker @Kroytz @abc_itz @Leika_hh @rylanristia_ @Amixi11,TMC Polda Metro Jaya,Traffic Management Center Jakarta Metropolitan Police Telp: 021-52960770,587239.0,121.0,0.0,8076461.0,9342.0,True,Longitude,Latitude,https://t.co/TCXCuHmf1G,2022-05-30 14:22:00
@TMCPoldaMetro,in,Location,8.0,0.0,@dixhuithzeroun @hogetaro_desu @BuyingVenomX @SnekyBear @rossa728 @c9rbon @Lxmuune @Misakuwu_ @doremypuyotet @erisetyawan36 @umaruta4 @Itzlamp_ @VRChat @byzocker @Kroytz @abc_itz @Leika_hh @rylanristia_ @Amixi11,TMC Polda Metro Jaya,Traffic Management Center Jakarta Metropolitan Police Telp: 021-52960770,587239.0,121.0,0.0,8076461.0,9342.0,True,Longitude,Latitude,20.52 Situasi arus lalu lintas di Ruas Tol Dalam Kota KM 12+600 Tomang menuju arah Grogol terpantau ramai lancar. sedangkan yg menuju arah Tangerang terpantau padat.. https://t.co/70rGtfWdDk,2022-05-30 13:52:38
@TMCPoldaMetro,in,Location,8.0,1.0,@dixhuithzeroun @hogetaro_desu @BuyingVenomX @SnekyBear @rossa728 @c9rbon @Lxmuune @Misakuwu_ @doremypuyotet @erisetyawan36 @umaruta4 @Itzlamp_ @VRChat @byzocker @Kroytz @abc_itz @Leika_hh @rylanristia_ @Amixi11,TMC Polda Metro Jaya,Traffic Management Center Jakarta Metropolitan Police Telp: 021-52960770,587239.0,121.0,0.0,8076461.0,9342.0,True,Longitude,Latitude,20.28 Situasi arus lalu lintas di Ruas Tol Dalam Kota KM 08+600 Semanggi terpantau ramai cenderung padat. https://t.co/TcPJH77a3J,2022-05-30 13:28:27
@TMCPoldaMetro,in,Location,7.0,0.0,@dixhuithzeroun @hogetaro_desu @BuyingVenomX @SnekyBear @rossa728 @c9rbon @Lxmuune @Misakuwu_ @doremypuyotet @erisetyawan36 @umaruta4 @Itzlamp_ @VRChat @byzocker @Kroytz @abc_itz @Leika_hh @rylanristia_ @Amixi11,TMC Polda Metro Jaya,Traffic Management Center Jakarta Metropolitan Police Telp: 021-52960770,587239.0,121.0,0.0,8076461.0,9342.0,True,Longitude,Latitude,Bagi Pesepeda diimbau agar menggunakan lampu tambahan di malam hari utk mencegah kecelakaan lalu lintas. https://t.co/Hq0gNG0Z,2022-05-30 13:07:58
@TMCPoldaMetro,in,Location,6.0,2.0,@dixhuithzeroun @hogetaro_desu @BuyingVenomX @SnekyBear @rossa728 @c9rbon @Lxmuune @Misakuwu_ @doremypuyotet @erisetyawan36 @umaruta4 @Itzlamp_ @VRChat @byzocker @Kroytz @abc_itz @Leika_hh @rylanristia_ @Amixi11,TMC Polda Metro Jaya,Traffic Management Center Jakarta Metropolitan Police Telp: 021-52960770,587239.0,121.0,0.0,8076461.0,9342.0,True,Longitude,Latitude,19.00 Situasi arus balik lalu lintas di Tl. Cempaka Putih dari arah Tj. Priok menuju Cawang dan Senen menuju Pulo Gadung maupun arah sebaliknya terpantau ramai lancar. https://t.co/qfzfBU8xBs,2022-05-30 12:02:19
@TMCPoldaMetro,in,Location,3.0,1.0,@dixhuithzeroun @hogetaro_desu @BuyingVenomX @SnekyBear @rossa728 @c9rbon @Lxmuune @Misakuwu_ @doremypuyotet @erisetyawan36 @umaruta4 @Itzlamp_ @VRChat @byzocker @Kroytz @abc_itz @Leika_hh @rylanristia_ @Amixi11,TMC Polda Metro Jaya,Traffic Management Center Jakarta Metropolitan Police Telp: 021-52960770,587239.0,121.0,0.0,8076461.0,9342.0,True,Longitude,Latitude,18.56 Polri Sat Lantas Jakarta Barat melakukan rekayasa arus lalu lintas dengan buka tutup arus kendaraan dari arah Underpass Tomang dan Slipi yang menuju Tol Tangerang untuk mengurai kepadatan arus lalu lintas. https://t.co/HsPILSrXDK,2022-05-30 11:56:51
@TMCPoldaMetro,in,Location,12.0,3.0,@dixhuithzeroun @hogetaro_desu @BuyingVenomX @SnekyBear @rossa728 @c9rbon @Lxmuune @Misakuwu_ @doremypuyotet @erisetyawan36 @umaruta4 @Itzlamp_ @VRChat @byzocker @Kroytz @abc_itz @Leika_hh @rylanristia_ @Amixi11,TMC Polda Metro Jaya,Traffic Management Center Jakarta Metropolitan Police Telp: 021-52960770,587239.0,121.0,0.0,8076461.0,9342.0,True,Longitude,Latitude,"13.52 Polri pengamanan &amp; pengaturan didpn Istana Negara Jakarta Pusat, antisipasi kegiatan aksi penyampaian pendapat. https://t.co/CMWiu7f5dN",2022-05-30 06:56:13
@TMCPoldaMetro,in,Location,8.0,1.0,@dixhuithzeroun @hogetaro_desu @BuyingVenomX @SnekyBear @rossa728 @c9rbon @Lxmuune @Misakuwu_ @doremypuyotet @erisetyawan36 @umaruta4 @Itzlamp_ @VRChat @byzocker @Kroytz @abc_itz @Leika_hh @rylanristia_ @Amixi11,TMC Polda Metro Jaya,Traffic Management Center Jakarta Metropolitan Police Telp: 021-52960770,587239.0,121.0,0.0,8076461.0,9342.0,True,Longitude,Latitude,13.45 Polri gabung Satpol-PP melaksanakan apel Cipkon di Lapangan Krimsus Polda Metro Jaya guna cegah gangguan Kamtibmas di Wilayah Hukum Polda Metro Jaya. https://t.co/wZWK0uhNeE,2022-05-30 06:46:23
@TMCPoldaMetro,in,Location,11.0,0.0,@dixhuithzeroun @hogetaro_desu @BuyingVenomX @SnekyBear @rossa728 @c9rbon @Lxmuune @Misakuwu_ @doremypuyotet @erisetyawan36 @umaruta4 @Itzlamp_ @VRChat @byzocker @Kroytz @abc_itz @Leika_hh @rylanristia_ @Amixi11,TMC Polda Metro Jaya,Traffic Management Center Jakarta Metropolitan Police Telp: 021-52960770,587239.0,121.0,0.0,8076461.0,9342.0,True,Longitude,Latitude,"Pakailah Helm yg Klik sesuai SNI (Standar Nasional Indonesia) untuk menjaga keselamatan anda. 
https://t.co/VUNLsFzROs",2022-05-30 06:43:10
@TMCPoldaMetro,in,Location,7.0,1.0,@dixhuithzeroun @hogetaro_desu @BuyingVenomX @SnekyBear @rossa728 @c9rbon @Lxmuune @Misakuwu_ @doremypuyotet @erisetyawan36 @umaruta4 @Itzlamp_ @VRChat @byzocker @Kroytz @abc_itz @Leika_hh @rylanristia_ @Amixi11,TMC Polda Metro Jaya,Traffic Management Center Jakarta Metropolitan Police Telp: 021-52960770,587239.0,121.0,0.0,8076461.0,9342.0,True,Longitude,Latitude,"13.17 Situasi arus lalu lintas terkini di Jl. MT Haryono menuju Pancoran, dan sebaliknya menuju Cawang terpantau lancar. https://t.co/GvbcOL3ikt",2022-05-30 06:41:55
@TMCPoldaMetro,in,Location,3.0,1.0,@dixhuithzeroun @hogetaro_desu @BuyingVenomX @SnekyBear @rossa728 @c9rbon @Lxmuune @Misakuwu_ @doremypuyotet @erisetyawan36 @umaruta4 @Itzlamp_ @VRChat @byzocker @Kroytz @abc_itz @Leika_hh @rylanristia_ @Amixi11,TMC Polda Metro Jaya,Traffic Management Center Jakarta Metropolitan Police Telp: 021-52960770,587239.0,121.0,0.0,8076461.0,9342.0,True,Longitude,Latitude,Jadilah pelopor keselamatan berlalu lintas &amp; budayakan keselamatan sebagai kebutuhan. https://t.co/9yBMU9fE,2022-05-30 06:39:43
@TMCPoldaMetro,in,Location,3.0,1.0,@dixhuithzeroun @hogetaro_desu @BuyingVenomX @SnekyBear @rossa728 @c9rbon @Lxmuune @Misakuwu_ @doremypuyotet @erisetyawan36 @umaruta4 @Itzlamp_ @VRChat @byzocker @Kroytz @abc_itz @Leika_hh @rylanristia_ @Amixi11,TMC Polda Metro Jaya,Traffic Management Center Jakarta Metropolitan Police Telp: 021-52960770,587239.0,121.0,0.0,8076461.0,9342.0,True,Longitude,Latitude,11.03 Polri Sat Lantas Jaksel melaksanakan penindakan kepada pengguna Sepeda Motor yg melawan arus di samping Plataran Kebayoran Baru Jakarta Selatan. https://t.co/2C9miZXcIj,2022-05-30 04:57:19
@TMCPoldaMetro,in,Location,6.0,1.0,@dixhuithzeroun @hogetaro_desu @BuyingVenomX @SnekyBear @rossa728 @c9rbon @Lxmuune @Misakuwu_ @doremypuyotet @erisetyawan36 @umaruta4 @Itzlamp_ @VRChat @byzocker @Kroytz @abc_itz @Leika_hh @rylanristia_ @Amixi11,TMC Polda Metro Jaya,Traffic Management Center Jakarta Metropolitan Police Telp: 021-52960770,587239.0,121.0,0.0,8076461.0,9342.0,True,Longitude,Latitude,10.04 Polri Sat Lantas Jakbar melaksanakan Penyuluhan kepada  Driver Taxi tentang Kamseltibcarlantas dan Himbauan Prokes Covid-19 di Taman Anggrek Jakarta Barat. https://t.co/5Yvr4DP6Un,2022-05-30 03:30:54
@TMCPoldaMetro,in,Location,5.0,0.0,@dixhuithzeroun @hogetaro_desu @BuyingVenomX @SnekyBear @rossa728 @c9rbon @Lxmuune @Misakuwu_ @doremypuyotet @erisetyawan36 @umaruta4 @Itzlamp_ @VRChat @byzocker @Kroytz @abc_itz @Leika_hh @rylanristia_ @Amixi11,TMC Polda Metro Jaya,Traffic Management Center Jakarta Metropolitan Police Telp: 021-52960770,587239.0,121.0,0.0,8076461.0,9342.0,True,Longitude,Latitude,09.11 Polri Sat Lantas Jakut melaksanakan Himbauan Prokes 5M kepada masyarakat guna memutus mata rantai penyebaran Covid 19 di Pasar Ampera Jl. Ampera Besar Pademangan Jakarta Utara. https://t.co/QDeYPhT4OY,2022-05-30 03:23:19
@TMCPoldaMetro,in,Location,4.0,0.0,@dixhuithzeroun @hogetaro_desu @BuyingVenomX @SnekyBear @rossa728 @c9rbon @Lxmuune @Misakuwu_ @doremypuyotet @erisetyawan36 @umaruta4 @Itzlamp_ @VRChat @byzocker @Kroytz @abc_itz @Leika_hh @rylanristia_ @Amixi11,TMC Polda Metro Jaya,Traffic Management Center Jakarta Metropolitan Police Telp: 021-52960770,587239.0,121.0,0.0,8076461.0,9342.0,True,Longitude,Latitude,08.58 Polri Sat Lantas Jaktim melaksanakan pengaturan arus lalu lintas di Kolong Cacing dari Bekasi mengarah Jakarta terpantau ramai lancar. https://t.co/hyodYfJhRz,2022-05-30 03:11:54
@TMCPoldaMetro,in,Location,8.0,1.0,@dixhuithzeroun @hogetaro_desu @BuyingVenomX @SnekyBear @rossa728 @c9rbon @Lxmuune @Misakuwu_ @doremypuyotet @erisetyawan36 @umaruta4 @Itzlamp_ @VRChat @byzocker @Kroytz @abc_itz @Leika_hh @rylanristia_ @Amixi11,TMC Polda Metro Jaya,Traffic Management Center Jakarta Metropolitan Police Telp: 021-52960770,587239.0,121.0,0.0,8076461.0,9342.0,True,Longitude,Latitude,08.50 Polri Sat Lantas Jaktim melakukan kegiatan Pembentukan Pocil/Polisi Cilik di SD Islam Pulo Gadung Jakarta Timur. https://t.co/NTH0QWnrbO,2022-05-30 02:48:32
@TMCPoldaMetro,in,Location,1.0,0.0,@dixhuithzeroun @hogetaro_desu @BuyingVenomX @SnekyBear @rossa728 @c9rbon @Lxmuune @Misakuwu_ @doremypuyotet @erisetyawan36 @umaruta4 @Itzlamp_ @VRChat @byzocker @Kroytz @abc_itz @Leika_hh @rylanristia_ @Amixi11,TMC Polda Metro Jaya,Traffic Management Center Jakarta Metropolitan Police Telp: 021-52960770,587239.0,121.0,0.0,8076461.0,9342.0,True,Longitude,Latitude,08.35 Situasi arus lalu lintas terkini di Tl Cokroaminoto terpantau lancar. https://t.co/qtPjpI8iMR,2022-05-30 02:45:05
@TMCPoldaMetro,in,Location,16.0,6.0,@dixhuithzeroun @hogetaro_desu @BuyingVenomX @SnekyBear @rossa728 @c9rbon @Lxmuune @Misakuwu_ @doremypuyotet @erisetyawan36 @umaruta4 @Itzlamp_ @VRChat @byzocker @Kroytz @abc_itz @Leika_hh @rylanristia_ @Amixi11,TMC Polda Metro Jaya,Traffic Management Center Jakarta Metropolitan Police Telp: 021-52960770,587239.0,121.0,0.0,8076461.0,9342.0,True,Longitude,Latitude,08.31 Lokasi Pelayanan STNK Keliling/Samling Senin 30 Mei 2022 sbb https://t.co/aLSoJ4iGK5,2022-05-30 01:34:25
@TMCPoldaMetro,in,Location,6.0,1.0,@dixhuithzeroun @hogetaro_desu @BuyingVenomX @SnekyBear @rossa728 @c9rbon @Lxmuune @Misakuwu_ @doremypuyotet @erisetyawan36 @umaruta4 @Itzlamp_ @VRChat @byzocker @Kroytz @abc_itz @Leika_hh @rylanristia_ @Amixi11,TMC Polda Metro Jaya,Traffic Management Center Jakarta Metropolitan Police Telp: 021-52960770,587239.0,121.0,0.0,8076461.0,9342.0,True,Longitude,Latitude,08.10 Polri Sat Lantas Jakut pengecekan proyek perbaikan jalan Akses Marunda Semper Timur Jakut arah Marunda lalu lintas tersendat https://t.co/mDSGzxoIJ7,2022-05-30 01:11:07
@TMCPoldaMetro,in,Location,4.0,0.0,@dixhuithzeroun @hogetaro_desu @BuyingVenomX @SnekyBear @rossa728 @c9rbon @Lxmuune @Misakuwu_ @doremypuyotet @erisetyawan36 @umaruta4 @Itzlamp_ @VRChat @byzocker @Kroytz @abc_itz @Leika_hh @rylanristia_ @Amixi11,TMC Polda Metro Jaya,Traffic Management Center Jakarta Metropolitan Police Telp: 021-52960770,587239.0,121.0,0.0,8076461.0,9342.0,True,Longitude,Latitude,"07.02 Situasi lalu lintas di jalur Contra Flow Tol Janger arah Tomang terpantau lancar, dan arah sebaliknya ada truk gangguan mesin di KM 1.400 agar pengendara berhati2 @Donynugroho https://t.co/jmsiLPbU9Z",2022-05-30 00:02:51
@TMCPoldaMetro,in,Location,13.0,2.0,@dixhuithzeroun @hogetaro_desu @BuyingVenomX @SnekyBear @rossa728 @c9rbon @Lxmuune @Misakuwu_ @doremypuyotet @erisetyawan36 @umaruta4 @Itzlamp_ @VRChat @byzocker @Kroytz @abc_itz @Leika_hh @rylanristia_ @Amixi11,TMC Polda Metro Jaya,Traffic Management Center Jakarta Metropolitan Police Telp: 021-52960770,587239.0,121.0,0.0,8076461.0,9342.0,True,Longitude,Latitude,06.58 Situasi lalu lintas di Tol Janger KM 6.800 arah Tomang terpantau ramai cenderung padat @Donynugroho https://t.co/8YHqfKVvZI,2022-05-29 23:58:11
@TMCPoldaMetro,in,Location,9.0,0.0,@dixhuithzeroun @hogetaro_desu @BuyingVenomX @SnekyBear @rossa728 @c9rbon @Lxmuune @Misakuwu_ @doremypuyotet @erisetyawan36 @umaruta4 @Itzlamp_ @VRChat @byzocker @Kroytz @abc_itz @Leika_hh @rylanristia_ @Amixi11,TMC Polda Metro Jaya,Traffic Management Center Jakarta Metropolitan Police Telp: 021-52960770,587239.0,121.0,0.0,8076461.0,9342.0,True,Longitude,Latitude,06.31 Polri Sat Lantas Jaktim membantu Kendaraan Mobil B 1074 UVB mengalami gangguan mesin didpn BNN Cawang Jaktim arah Semanggi lalu lintas tersendat https://t.co/OHLEX9EAAF,2022-05-29 23:33:10
@TMCPoldaMetro,in,Location,8.0,1.0,@dixhuithzeroun @hogetaro_desu @BuyingVenomX @SnekyBear @rossa728 @c9rbon @Lxmuune @Misakuwu_ @doremypuyotet @erisetyawan36 @umaruta4 @Itzlamp_ @VRChat @byzocker @Kroytz @abc_itz @Leika_hh @rylanristia_ @Amixi11,TMC Polda Metro Jaya,Traffic Management Center Jakarta Metropolitan Police Telp: 021-52960770,587239.0,121.0,0.0,8076461.0,9342.0,True,Longitude,Latitude,"Cek kembali apakah pagar, pintu &amp; jendela rumah sudah terkunci dengan baik sebelum beranjak istirahat malam hari ini.
https://t.co/pRzvVH3N28",2022-05-29 17:36:50
@TMCPoldaMetro,in,Location,3.0,0.0,@dixhuithzeroun @hogetaro_desu @BuyingVenomX @SnekyBear @rossa728 @c9rbon @Lxmuune @Misakuwu_ @doremypuyotet @erisetyawan36 @umaruta4 @Itzlamp_ @VRChat @byzocker @Kroytz @abc_itz @Leika_hh @rylanristia_ @Amixi11,TMC Polda Metro Jaya,Traffic Management Center Jakarta Metropolitan Police Telp: 021-52960770,587239.0,121.0,0.0,8076461.0,9342.0,True,Longitude,Latitude,23.14 Polri Sat Lantas Jakarta Pusat melaksanakan apel di seberang PT. Pertamina Pusat Jl. Medan Merdeka Timur dan dilanjutkan penutupan / pengalihan arus untuk antisipasi pengebutan di sekitaran Monas Gambir Jakpus. https://t.co/MHVGDR7eVw,2022-05-29 16:13:22
@TMCPoldaMetro,in,Location,17.0,2.0,@dixhuithzeroun @hogetaro_desu @BuyingVenomX @SnekyBear @rossa728 @c9rbon @Lxmuune @Misakuwu_ @doremypuyotet @erisetyawan36 @umaruta4 @Itzlamp_ @VRChat @byzocker @Kroytz @abc_itz @Leika_hh @rylanristia_ @Amixi11,TMC Polda Metro Jaya,Traffic Management Center Jakarta Metropolitan Police Telp: 021-52960770,587239.0,121.0,0.0,8076461.0,9342.0,True,Longitude,Latitude,"Apabila mengantuk beristirahatlah segera, jangan paksakan berkendara. Keselamatan ANDA adalah yang UTAMA 
https://t.co/hkOanI7VlQ",2022-05-29 15:26:43
@TMCPoldaMetro,in,Location,5.0,0.0,@dixhuithzeroun @hogetaro_desu @BuyingVenomX @SnekyBear @rossa728 @c9rbon @Lxmuune @Misakuwu_ @doremypuyotet @erisetyawan36 @umaruta4 @Itzlamp_ @VRChat @byzocker @Kroytz @abc_itz @Leika_hh @rylanristia_ @Amixi11,TMC Polda Metro Jaya,Traffic Management Center Jakarta Metropolitan Police Telp: 021-52960770,587239.0,121.0,0.0,8076461.0,9342.0,True,Longitude,Latitude,21.39 Situasi lalu lintas di Traffic Light Pancoran Jaksel terpantau lancar https://t.co/D5oiWCIgf0,2022-05-29 14:39:08
@TMCPoldaMetro,in,Location,29.0,1.0,@dixhuithzeroun @hogetaro_desu @BuyingVenomX @SnekyBear @rossa728 @c9rbon @Lxmuune @Misakuwu_ @doremypuyotet @erisetyawan36 @umaruta4 @Itzlamp_ @VRChat @byzocker @Kroytz @abc_itz @Leika_hh @rylanristia_ @Amixi11,TMC Polda Metro Jaya,Traffic Management Center Jakarta Metropolitan Police Telp: 021-52960770,587239.0,121.0,0.0,8076461.0,9342.0,True,Longitude,Latitude,"Demi keselamatan diri sendiri, gunakan helm saat mengendarai sepeda motor.  https://t.co/2Jx9QYTTlE",2022-05-29 13:59:27
@TMCPoldaMetro,in,Location,1.0,0.0,@dixhuithzeroun @hogetaro_desu @BuyingVenomX @SnekyBear @rossa728 @c9rbon @Lxmuune @Misakuwu_ @doremypuyotet @erisetyawan36 @umaruta4 @Itzlamp_ @VRChat @byzocker @Kroytz @abc_itz @Leika_hh @rylanristia_ @Amixi11,TMC Polda Metro Jaya,Traffic Management Center Jakarta Metropolitan Police Telp: 021-52960770,587239.0,121.0,0.0,8076461.0,9342.0,True,Longitude,Latitude,20.18 Situasi arus lalu lintas Traffic Light Sarinah jakarta Pusat terpantau ramai lancar https://t.co/JzH41z9ilT,2022-05-29 13:17:38
@TMCPoldaMetro,in,Location,4.0,0.0,@dixhuithzeroun @hogetaro_desu @BuyingVenomX @SnekyBear @rossa728 @c9rbon @Lxmuune @Misakuwu_ @doremypuyotet @erisetyawan36 @umaruta4 @Itzlamp_ @VRChat @byzocker @Kroytz @abc_itz @Leika_hh @rylanristia_ @Amixi11,TMC Polda Metro Jaya,Traffic Management Center Jakarta Metropolitan Police Telp: 021-52960770,587239.0,121.0,0.0,8076461.0,9342.0,True,Longitude,Latitude,18.40 Situasi arus lalu lintas di Tol Dalam Kota KM 02+600 terpantau ramai lancar. https://t.co/5U3qq9HkZJ,2022-05-29 11:40:37
@TMCPoldaMetro,in,Location,3.0,0.0,@dixhuithzeroun @hogetaro_desu @BuyingVenomX @SnekyBear @rossa728 @c9rbon @Lxmuune @Misakuwu_ @doremypuyotet @erisetyawan36 @umaruta4 @Itzlamp_ @VRChat @byzocker @Kroytz @abc_itz @Leika_hh @rylanristia_ @Amixi11,TMC Polda Metro Jaya,Traffic Management Center Jakarta Metropolitan Police Telp: 021-52960770,587239.0,121.0,0.0,8076461.0,9342.0,True,Longitude,Latitude,Bagi Pesepeda diimbau agar menggunakan lampu tambahan di malam hari utk mencegah kecelakaan lalu lintas. https://t.co/Hq0gNG0Z,2022-05-29 11:13:07
@TMCPoldaMetro,und,Location,4.0,0.0,@dixhuithzeroun @hogetaro_desu @BuyingVenomX @SnekyBear @rossa728 @c9rbon @Lxmuune @Misakuwu_ @doremypuyotet @erisetyawan36 @umaruta4 @Itzlamp_ @VRChat @byzocker @Kroytz @abc_itz @Leika_hh @rylanristia_ @Amixi11,TMC Polda Metro Jaya,Traffic Management Center Jakarta Metropolitan Police Telp: 021-52960770,587239.0,121.0,0.0,8076461.0,9342.0,True,Longitude,Latitude,https://t.co/nHNri8CX8Z,2022-05-29 10:34:00
@TMCPoldaMetro,in,Location,5.0,2.0,@dixhuithzeroun @hogetaro_desu @BuyingVenomX @SnekyBear @rossa728 @c9rbon @Lxmuune @Misakuwu_ @doremypuyotet @erisetyawan36 @umaruta4 @Itzlamp_ @VRChat @byzocker @Kroytz @abc_itz @Leika_hh @rylanristia_ @Amixi11,TMC Polda Metro Jaya,Traffic Management Center Jakarta Metropolitan Police Telp: 021-52960770,587239.0,121.0,0.0,8076461.0,9342.0,True,Longitude,Latitude,"Sebagian wilayah DKI Jakarta mulai diguyur hujan. Tetap hati-hati, waspadai jarak pandang terbatas, banjir, pohon &amp; papan reklame tumbang.
https://t.co/sWU3tO53kx",2022-05-29 09:55:12
@TMCPoldaMetro,in,Location,4.0,0.0,@dixhuithzeroun @hogetaro_desu @BuyingVenomX @SnekyBear @rossa728 @c9rbon @Lxmuune @Misakuwu_ @doremypuyotet @erisetyawan36 @umaruta4 @Itzlamp_ @VRChat @byzocker @Kroytz @abc_itz @Leika_hh @rylanristia_ @Amixi11,TMC Polda Metro Jaya,Traffic Management Center Jakarta Metropolitan Police Telp: 021-52960770,587239.0,121.0,0.0,8076461.0,9342.0,True,Longitude,Latitude,16.47 Situasi arus lalu lintas di Gerbang Tol Pluit 1 terpantau ramai lancar. https://t.co/HPb4YBvrbj,2022-05-29 09:47:00
@TMCPoldaMetro,in,Location,3.0,1.0,@dixhuithzeroun @hogetaro_desu @BuyingVenomX @SnekyBear @rossa728 @c9rbon @Lxmuune @Misakuwu_ @doremypuyotet @erisetyawan36 @umaruta4 @Itzlamp_ @VRChat @byzocker @Kroytz @abc_itz @Leika_hh @rylanristia_ @Amixi11,TMC Polda Metro Jaya,Traffic Management Center Jakarta Metropolitan Police Telp: 021-52960770,587239.0,121.0,0.0,8076461.0,9342.0,True,Longitude,Latitude,16.34 Situasi arus lalu lintas di ruas Tol Jakarta-Tangerang KM 09+200 Karang Tengah terpantau ramai lancar. https://t.co/FqC97RKCIg,2022-05-29 09:34:00
@TMCPoldaMetro,in,Location,2.0,0.0,@dixhuithzeroun @hogetaro_desu @BuyingVenomX @SnekyBear @rossa728 @c9rbon @Lxmuune @Misakuwu_ @doremypuyotet @erisetyawan36 @umaruta4 @Itzlamp_ @VRChat @byzocker @Kroytz @abc_itz @Leika_hh @rylanristia_ @Amixi11,TMC Polda Metro Jaya,Traffic Management Center Jakarta Metropolitan Police Telp: 021-52960770,587239.0,121.0,0.0,8076461.0,9342.0,True,Longitude,Latitude,16.18 Situasi arus lalu lintas di ruas Tol Jakarta-Tangerang KM 05+500  terpantau ramai lancar. https://t.co/c4AaRMVgUP,2022-05-29 09:18:00
@TMCPoldaMetro,in,Location,5.0,1.0,@dixhuithzeroun @hogetaro_desu @BuyingVenomX @SnekyBear @rossa728 @c9rbon @Lxmuune @Misakuwu_ @doremypuyotet @erisetyawan36 @umaruta4 @Itzlamp_ @VRChat @byzocker @Kroytz @abc_itz @Leika_hh @rylanristia_ @Amixi11,TMC Polda Metro Jaya,Traffic Management Center Jakarta Metropolitan Police Telp: 021-52960770,587239.0,121.0,0.0,8076461.0,9342.0,True,Longitude,Latitude,"Dahulukan selalu KA, menerobos Perlintasan Kereta yang telah memberikan isyarat untuk berhenti dapat berakibat kecelakaan.
https://t.co/ms6dlYvFId",2022-05-29 08:55:06
@TMCPoldaMetro,in,Location,5.0,0.0,@dixhuithzeroun @hogetaro_desu @BuyingVenomX @SnekyBear @rossa728 @c9rbon @Lxmuune @Misakuwu_ @doremypuyotet @erisetyawan36 @umaruta4 @Itzlamp_ @VRChat @byzocker @Kroytz @abc_itz @Leika_hh @rylanristia_ @Amixi11,TMC Polda Metro Jaya,Traffic Management Center Jakarta Metropolitan Police Telp: 021-52960770,587239.0,121.0,0.0,8076461.0,9342.0,True,Longitude,Latitude,15.07 Situasi arus lalu lintas di ruas Tol Jakarta-Cikampek KM 11 Bekasi Barat terpantau ramai lancar. https://t.co/0xAaAcPmJ1,2022-05-29 08:07:11
@TMCPoldaMetro,in,Location,3.0,0.0,@dixhuithzeroun @hogetaro_desu @BuyingVenomX @SnekyBear @rossa728 @c9rbon @Lxmuune @Misakuwu_ @doremypuyotet @erisetyawan36 @umaruta4 @Itzlamp_ @VRChat @byzocker @Kroytz @abc_itz @Leika_hh @rylanristia_ @Amixi11,TMC Polda Metro Jaya,Traffic Management Center Jakarta Metropolitan Police Telp: 021-52960770,587239.0,121.0,0.0,8076461.0,9342.0,True,Longitude,Latitude,14.51 Situasi arus lalu lintas di ruas Tol JORR KM 08+000 terpantau ramai lancar. https://t.co/NqkDWdO5JS,2022-05-29 07:51:27
@TMCPoldaMetro,in,Location,4.0,0.0,@dixhuithzeroun @hogetaro_desu @BuyingVenomX @SnekyBear @rossa728 @c9rbon @Lxmuune @Misakuwu_ @doremypuyotet @erisetyawan36 @umaruta4 @Itzlamp_ @VRChat @byzocker @Kroytz @abc_itz @Leika_hh @rylanristia_ @Amixi11,TMC Polda Metro Jaya,Traffic Management Center Jakarta Metropolitan Police Telp: 021-52960770,587239.0,121.0,0.0,8076461.0,9342.0,True,Longitude,Latitude,14.41 Situasi arus lalu lintas di Traffic Light Tomang Jakbar menuju arah Jl. Biak terpantau ramai lancar. https://t.co/acgXRs5eJX,2022-05-29 07:41:16
@TMCPoldaMetro,in,Location,3.0,1.0,@dixhuithzeroun @hogetaro_desu @BuyingVenomX @SnekyBear @rossa728 @c9rbon @Lxmuune @Misakuwu_ @doremypuyotet @erisetyawan36 @umaruta4 @Itzlamp_ @VRChat @byzocker @Kroytz @abc_itz @Leika_hh @rylanristia_ @Amixi11,TMC Polda Metro Jaya,Traffic Management Center Jakarta Metropolitan Police Telp: 021-52960770,587239.0,121.0,0.0,8076461.0,9342.0,True,Longitude,Latitude,13.40 Situasi arus lalu lintas di Traffic Light Harmoni Jakpus menuju arah Jl. Hayam Wuruk maupun arah Sebaliknya terpantau ramai lancar. https://t.co/Fk2SO1N4h9,2022-05-29 06:40:48
@TMCPoldaMetro,in,Location,5.0,1.0,@dixhuithzeroun @hogetaro_desu @BuyingVenomX @SnekyBear @rossa728 @c9rbon @Lxmuune @Misakuwu_ @doremypuyotet @erisetyawan36 @umaruta4 @Itzlamp_ @VRChat @byzocker @Kroytz @abc_itz @Leika_hh @rylanristia_ @Amixi11,TMC Polda Metro Jaya,Traffic Management Center Jakarta Metropolitan Police Telp: 021-52960770,587239.0,121.0,0.0,8076461.0,9342.0,True,Longitude,Latitude,13.22 Situasi arus lalu lintas di Traffic Light Pancoran Jaksel menuju arah Cawang maupun arah Kalibata terpantau ramai lancar. https://t.co/3oJF3sb9lp,2022-05-29 06:22:58
@TMCPoldaMetro,in,Location,4.0,3.0,@dixhuithzeroun @hogetaro_desu @BuyingVenomX @SnekyBear @rossa728 @c9rbon @Lxmuune @Misakuwu_ @doremypuyotet @erisetyawan36 @umaruta4 @Itzlamp_ @VRChat @byzocker @Kroytz @abc_itz @Leika_hh @rylanristia_ @Amixi11,TMC Polda Metro Jaya,Traffic Management Center Jakarta Metropolitan Police Telp: 021-52960770,587239.0,121.0,0.0,8076461.0,9342.0,True,Longitude,Latitude,13.04 Situasi arus lalu lintas di Kawasan Bundaran HI Jakpus terpantau padat. https://t.co/VHn7AJF0G8,2022-05-29 06:05:09
@TMCPoldaMetro,in,Location,8.0,0.0,@dixhuithzeroun @hogetaro_desu @BuyingVenomX @SnekyBear @rossa728 @c9rbon @Lxmuune @Misakuwu_ @doremypuyotet @erisetyawan36 @umaruta4 @Itzlamp_ @VRChat @byzocker @Kroytz @abc_itz @Leika_hh @rylanristia_ @Amixi11,TMC Polda Metro Jaya,Traffic Management Center Jakarta Metropolitan Police Telp: 021-52960770,587239.0,121.0,0.0,8076461.0,9342.0,True,Longitude,Latitude,12.10 Situasi arus lalu lintas di Kawasan Pintu Utama Taman Margasatwa Ragunan Jaksel terpantau padat. https://t.co/zE1vyqp7sO,2022-05-29 05:10:09
@TMCPoldaMetro,in,Location,2.0,0.0,@dixhuithzeroun @hogetaro_desu @BuyingVenomX @SnekyBear @rossa728 @c9rbon @Lxmuune @Misakuwu_ @doremypuyotet @erisetyawan36 @umaruta4 @Itzlamp_ @VRChat @byzocker @Kroytz @abc_itz @Leika_hh @rylanristia_ @Amixi11,TMC Polda Metro Jaya,Traffic Management Center Jakarta Metropolitan Police Telp: 021-52960770,587239.0,121.0,0.0,8076461.0,9342.0,True,Longitude,Latitude,11.56 Situasi arus lalu lintas di Ruas Tol Jagorawi KM 03+200 (Cililitan) terpantau ramai lancar. https://t.co/p7JdSgR7WH,2022-05-29 04:56:27
@TMCPoldaMetro,in,Location,20.0,2.0,@dixhuithzeroun @hogetaro_desu @BuyingVenomX @SnekyBear @rossa728 @c9rbon @Lxmuune @Misakuwu_ @doremypuyotet @erisetyawan36 @umaruta4 @Itzlamp_ @VRChat @byzocker @Kroytz @abc_itz @Leika_hh @rylanristia_ @Amixi11,TMC Polda Metro Jaya,Traffic Management Center Jakarta Metropolitan Police Telp: 021-52960770,587239.0,121.0,0.0,8076461.0,9342.0,True,Longitude,Latitude,"Demi keselamatan diri sendiri, gunakan helm saat mengendarai sepeda motor. https://t.co/2Jx9QYTTlE",2022-05-29 04:43:06
@TMCPoldaMetro,in,Location,2.0,1.0,@dixhuithzeroun @hogetaro_desu @BuyingVenomX @SnekyBear @rossa728 @c9rbon @Lxmuune @Misakuwu_ @doremypuyotet @erisetyawan36 @umaruta4 @Itzlamp_ @VRChat @byzocker @Kroytz @abc_itz @Leika_hh @rylanristia_ @Amixi11,TMC Polda Metro Jaya,Traffic Management Center Jakarta Metropolitan Police Telp: 021-52960770,587239.0,121.0,0.0,8076461.0,9342.0,True,Longitude,Latitude,11.20 Situasi arus lalu lintas di Traffic Light Pertanian Jaksel menuju arah Ragunan maupun arah Jl. TB Simatupang terpantau ramai lancar. https://t.co/OoQnwq8kCY,2022-05-29 04:20:32
@TMCPoldaMetro,in,Location,2.0,2.0,@dixhuithzeroun @hogetaro_desu @BuyingVenomX @SnekyBear @rossa728 @c9rbon @Lxmuune @Misakuwu_ @doremypuyotet @erisetyawan36 @umaruta4 @Itzlamp_ @VRChat @byzocker @Kroytz @abc_itz @Leika_hh @rylanristia_ @Amixi11,TMC Polda Metro Jaya,Traffic Management Center Jakarta Metropolitan Police Telp: 021-52960770,587239.0,121.0,0.0,8076461.0,9342.0,True,Longitude,Latitude,10.48 Situasi arus lalu lintas di Traffic Light Asia Afrika Senayan Jakpus terpantau ramai lancar. https://t.co/N2x52NHvgI,2022-05-29 03:48:53
@TMCPoldaMetro,in,Location,2.0,1.0,@dixhuithzeroun @hogetaro_desu @BuyingVenomX @SnekyBear @rossa728 @c9rbon @Lxmuune @Misakuwu_ @doremypuyotet @erisetyawan36 @umaruta4 @Itzlamp_ @VRChat @byzocker @Kroytz @abc_itz @Leika_hh @rylanristia_ @Amixi11,TMC Polda Metro Jaya,Traffic Management Center Jakarta Metropolitan Police Telp: 021-52960770,587239.0,121.0,0.0,8076461.0,9342.0,True,Longitude,Latitude,10.33 Situasi arus lalu lintas di Kawasan Pintu Gerbang Barat Obyek Wisata Taman Impian Jaya Ancol Jakut terpantau lancar. https://t.co/n6H86aoLcS,2022-05-29 03:33:00
@TMCPoldaMetro,in,Location,4.0,0.0,@dixhuithzeroun @hogetaro_desu @BuyingVenomX @SnekyBear @rossa728 @c9rbon @Lxmuune @Misakuwu_ @doremypuyotet @erisetyawan36 @umaruta4 @Itzlamp_ @VRChat @byzocker @Kroytz @abc_itz @Leika_hh @rylanristia_ @Amixi11,TMC Polda Metro Jaya,Traffic Management Center Jakarta Metropolitan Police Telp: 021-52960770,587239.0,121.0,0.0,8076461.0,9342.0,True,Longitude,Latitude,10.21 Situasi arus lalu lintas di Ruas Tol Dalam Kota KM 02+600 (MT Haryono) menuju arah Cawang maupun arah Sebaliknya terpantau ramai lancar. https://t.co/o7Hde0ROeL,2022-05-29 03:21:18
@TMCPoldaMetro,in,Location,2.0,1.0,@dixhuithzeroun @hogetaro_desu @BuyingVenomX @SnekyBear @rossa728 @c9rbon @Lxmuune @Misakuwu_ @doremypuyotet @erisetyawan36 @umaruta4 @Itzlamp_ @VRChat @byzocker @Kroytz @abc_itz @Leika_hh @rylanristia_ @Amixi11,TMC Polda Metro Jaya,Traffic Management Center Jakarta Metropolitan Police Telp: 021-52960770,587239.0,121.0,0.0,8076461.0,9342.0,True,Longitude,Latitude,10.04 Situasi arus lalu lintas di Traffic Light Kolong Galur Jl. Letjen Suprapto Jakpus menuju arah Senen maupun arah Kemayoran terpantau ramai lancar. https://t.co/WeIHQmt2lc,2022-05-29 03:05:09
@TMCPoldaMetro,in,Location,7.0,1.0,@dixhuithzeroun @hogetaro_desu @BuyingVenomX @SnekyBear @rossa728 @c9rbon @Lxmuune @Misakuwu_ @doremypuyotet @erisetyawan36 @umaruta4 @Itzlamp_ @VRChat @byzocker @Kroytz @abc_itz @Leika_hh @rylanristia_ @Amixi11,TMC Polda Metro Jaya,Traffic Management Center Jakarta Metropolitan Police Telp: 021-52960770,587239.0,121.0,0.0,8076461.0,9342.0,True,Longitude,Latitude,"Dahulukan selalu KA, menerobos Perlintasan Kereta yg telah memberikan isyarat utk berhenti dpt berakibat kecelakaan. https://t.co/H0Re6GL4hD",2022-05-29 02:54:16
@TMCPoldaMetro,in,Location,20.0,9.0,@dixhuithzeroun @hogetaro_desu @BuyingVenomX @SnekyBear @rossa728 @c9rbon @Lxmuune @Misakuwu_ @doremypuyotet @erisetyawan36 @umaruta4 @Itzlamp_ @VRChat @byzocker @Kroytz @abc_itz @Leika_hh @rylanristia_ @Amixi11,TMC Polda Metro Jaya,Traffic Management Center Jakarta Metropolitan Police Telp: 021-52960770,587239.0,121.0,0.0,8076461.0,9342.0,True,Longitude,Latitude,09.36 Satlantas Bandara Soetta melakukan penindakan kepada Pengemudi yang memarkirkan tidak pada tempatnya di Areal Terminal 2 Bandara Internasional Soekarno Hatta dihimbau kepada seluruh pengguna jasa Bandara Soetta untuk tidak parkir di Area Dropzone dan Pick up. https://t.co/ghgfzlfpCo,2022-05-29 02:37:22
@TMCPoldaMetro,in,Location,2.0,0.0,@dixhuithzeroun @hogetaro_desu @BuyingVenomX @SnekyBear @rossa728 @c9rbon @Lxmuune @Misakuwu_ @doremypuyotet @erisetyawan36 @umaruta4 @Itzlamp_ @VRChat @byzocker @Kroytz @abc_itz @Leika_hh @rylanristia_ @Amixi11,TMC Polda Metro Jaya,Traffic Management Center Jakarta Metropolitan Police Telp: 021-52960770,587239.0,121.0,0.0,8076461.0,9342.0,True,Longitude,Latitude,09.33 Situasi arus lalu lintas di Ruas Tol Dalam Kota KM 07+400 (Semanggi) menuju arah Cawang maupun arah Tomang terpantau lancar. https://t.co/cZN27semiT,2022-05-29 02:33:10
@TMCPoldaMetro,in,Location,2.0,0.0,@dixhuithzeroun @hogetaro_desu @BuyingVenomX @SnekyBear @rossa728 @c9rbon @Lxmuune @Misakuwu_ @doremypuyotet @erisetyawan36 @umaruta4 @Itzlamp_ @VRChat @byzocker @Kroytz @abc_itz @Leika_hh @rylanristia_ @Amixi11,TMC Polda Metro Jaya,Traffic Management Center Jakarta Metropolitan Police Telp: 021-52960770,587239.0,121.0,0.0,8076461.0,9342.0,True,Longitude,Latitude,09.15 Situasi arus lalu lintas di Traffic Light Kolong Cakung Jaktim terpantau ramai lancar. https://t.co/jzFA0F0q3W,2022-05-29 02:15:33
@TMCPoldaMetro,in,Location,4.0,0.0,@dixhuithzeroun @hogetaro_desu @BuyingVenomX @SnekyBear @rossa728 @c9rbon @Lxmuune @Misakuwu_ @doremypuyotet @erisetyawan36 @umaruta4 @Itzlamp_ @VRChat @byzocker @Kroytz @abc_itz @Leika_hh @rylanristia_ @Amixi11,TMC Polda Metro Jaya,Traffic Management Center Jakarta Metropolitan Police Telp: 021-52960770,587239.0,121.0,0.0,8076461.0,9342.0,True,Longitude,Latitude,09.13 Situasi arus lalu lintas di Traffic Light Utan Kayu Jaktim menuju arah Matraman terpantau lancar. https://t.co/rqGxP2iQ5O,2022-05-29 02:14:03
@TMCPoldaMetro,in,Location,15.0,3.0,@dixhuithzeroun @hogetaro_desu @BuyingVenomX @SnekyBear @rossa728 @c9rbon @Lxmuune @Misakuwu_ @doremypuyotet @erisetyawan36 @umaruta4 @Itzlamp_ @VRChat @byzocker @Kroytz @abc_itz @Leika_hh @rylanristia_ @Amixi11,TMC Polda Metro Jaya,Traffic Management Center Jakarta Metropolitan Police Telp: 021-52960770,587239.0,121.0,0.0,8076461.0,9342.0,True,Longitude,Latitude,"Pada Hari ini Minggu 29 Mei 2022 pada Pukul 06.00-10,00 WIB diadakan Hari Bebas Kendaraan Bermotor (HBKB). https://t.co/W4Hr5NWjb1",2022-05-29 01:42:21
@TMCPoldaMetro,in,Location,3.0,1.0,@dixhuithzeroun @hogetaro_desu @BuyingVenomX @SnekyBear @rossa728 @c9rbon @Lxmuune @Misakuwu_ @doremypuyotet @erisetyawan36 @umaruta4 @Itzlamp_ @VRChat @byzocker @Kroytz @abc_itz @Leika_hh @rylanristia_ @Amixi11,TMC Polda Metro Jaya,Traffic Management Center Jakarta Metropolitan Police Telp: 021-52960770,587239.0,121.0,0.0,8076461.0,9342.0,True,Longitude,Latitude,08.33 Situasi arus lalu lintas di Exit Tol Rorotan menuju arah Tanjung Priok terpantau lancar. https://t.co/OEMc7NHt9w,2022-05-29 01:33:29
@TMCPoldaMetro,in,Location,8.0,1.0,@dixhuithzeroun @hogetaro_desu @BuyingVenomX @SnekyBear @rossa728 @c9rbon @Lxmuune @Misakuwu_ @doremypuyotet @erisetyawan36 @umaruta4 @Itzlamp_ @VRChat @byzocker @Kroytz @abc_itz @Leika_hh @rylanristia_ @Amixi11,TMC Polda Metro Jaya,Traffic Management Center Jakarta Metropolitan Police Telp: 021-52960770,587239.0,121.0,0.0,8076461.0,9342.0,True,Longitude,Latitude,"07.02 Polri Sat Lantas Jaksel melakukan pengamanan Kamseltibcarlantas dalam rangka HBKB (Hari Bebas Kendaraan Bermotor) di Jl. Suryopranoto, Gambir Jakarta Pusat. https://t.co/YydKxbnS7a",2022-05-29 01:15:31
@TMCPoldaMetro,in,Location,16.0,3.0,@dixhuithzeroun @hogetaro_desu @BuyingVenomX @SnekyBear @rossa728 @c9rbon @Lxmuune @Misakuwu_ @doremypuyotet @erisetyawan36 @umaruta4 @Itzlamp_ @VRChat @byzocker @Kroytz @abc_itz @Leika_hh @rylanristia_ @Amixi11,TMC Polda Metro Jaya,Traffic Management Center Jakarta Metropolitan Police Telp: 021-52960770,587239.0,121.0,0.0,8076461.0,9342.0,True,Longitude,Latitude,"LOKASI PELAYANAN #SIMKELILING MINGGU, 29 Mei 2022 Pukul 07.00 s/d 12.00 WIB :
Jaktim : Jl Raden Inten samping Mcd Duren Sawit Jaktim.
Jakbar : Jl Panjang depan Bank BJB Kebon Jeruk Jakbar. https://t.co/coNB3WXMGR",2022-05-28 22:59:28
